oo,cic:/Coq/ssr/ssrfun/Bijections/A.var,cic:/Coq/ssr/ssrfun/Bijections/A.var
oo,cic:/Coq/ssr/ssrfun/Bijections/bijf.var,cic:/Coq/ssr/ssrfun/Bijections/A.var
oo,cic:/Coq/ssr/ssrfun/Bijections/bijf.var,cic:/Coq/ssr/ssrfun/Bijections/bijf.var
oo,cic:/Coq/ssr/ssrfun/Bijections/bijf.var,cic:/Coq/ssr/ssrfun/Bijections/B.var
oo,cic:/Coq/ssr/ssrfun/Bijections/bijf.var,cic:/Coq/ssr/ssrfun/Bijections/f.var
oo,cic:/Coq/ssr/ssrfun/Bijections/bijf.var,cic:/Coq/ssr/ssrfun/bijective.ind
oo,cic:/Coq/ssr/ssrfun/Bijections/B.var,cic:/Coq/ssr/ssrfun/Bijections/B.var
oo,cic:/Coq/ssr/ssrfun/Bijections/f.var,cic:/A.var
oo,cic:/Coq/ssr/ssrfun/Bijections/f.var,cic:/B.var
oo,cic:/Coq/ssr/ssrfun/Bijections/f.var,cic:/Coq/ssr/ssrfun/Bijections/A.var
oo,cic:/Coq/ssr/ssrfun/Bijections/f.var,cic:/Coq/ssr/ssrfun/Bijections/B.var
oo,cic:/Coq/ssr/ssrfun/Bijections/f.var,cic:/Coq/ssr/ssrfun/Bijections/f.var
