oo,cic:/Coq/Numbers/Integer/Abstract/ZSgnAbs/GenericAbs/abs.con,cic:/Coq/Numbers/Integer/Abstract/ZSgnAbs/GenericAbs/abs.con
oo,cic:/Coq/Numbers/Integer/Abstract/ZSgnAbs/GenericAbs/abs.con,cic:/Coq/Numbers/Integer/Abstract/ZSgnAbs/Z/max.con
oo,cic:/Coq/Numbers/Integer/Abstract/ZSgnAbs/GenericAbs/abs.con,cic:/Coq/Numbers/Integer/Abstract/ZSgnAbs/Z/opp.con
oo,cic:/Coq/Numbers/Integer/Abstract/ZSgnAbs/GenericAbs/abs.con,cic:/Coq/Numbers/Integer/Abstract/ZSgnAbs/Z/t.con
oo,cic:/Coq/Numbers/Integer/Abstract/ZSgnAbs/GenericAbs/abs_eq.con,cic:/Coq/Classes/Morphisms/iff_flip_impl_subrelation.con
oo,cic:/Coq/Numbers/Integer/Abstract/ZSgnAbs/GenericAbs/abs_eq.con,cic:/Coq/Init/Logic/iff.con
oo,cic:/Coq/Numbers/Integer/Abstract/ZSgnAbs/GenericAbs/abs_eq.con,cic:/Coq/Numbers/Integer/Abstract/ZSgnAbs/GenericAbs/abs.con
oo,cic:/Coq/Numbers/Integer/Abstract/ZSgnAbs/GenericAbs/abs_eq.con,cic:/Coq/Numbers/Integer/Abstract/ZSgnAbs/GenericAbs/abs_eq.con
oo,cic:/Coq/Numbers/Integer/Abstract/ZSgnAbs/GenericAbs/abs_eq.con,cic:/Coq/Numbers/Integer/Abstract/ZSgnAbs/Z/eq.con
oo,cic:/Coq/Numbers/Integer/Abstract/ZSgnAbs/GenericAbs/abs_eq.con,cic:/Coq/Numbers/Integer/Abstract/ZSgnAbs/Z/le.con
oo,cic:/Coq/Numbers/Integer/Abstract/ZSgnAbs/GenericAbs/abs_eq.con,cic:/Coq/Numbers/Integer/Abstract/ZSgnAbs/Z/max.con
oo,cic:/Coq/Numbers/Integer/Abstract/ZSgnAbs/GenericAbs/abs_eq.con,cic:/Coq/Numbers/Integer/Abstract/ZSgnAbs/Z/max_l.con
oo,cic:/Coq/Numbers/Integer/Abstract/ZSgnAbs/GenericAbs/abs_eq.con,cic:/Coq/Numbers/Integer/Abstract/ZSgnAbs/Z/opp.con
oo,cic:/Coq/Numbers/Integer/Abstract/ZSgnAbs/GenericAbs/abs_eq.con,cic:/Coq/Numbers/Integer/Abstract/ZSgnAbs/ZP/le_trans.con
oo,cic:/Coq/Numbers/Integer/Abstract/ZSgnAbs/GenericAbs/abs_eq.con,cic:/Coq/Numbers/Integer/Abstract/ZSgnAbs/ZP/opp_nonpos_nonneg.con
oo,cic:/Coq/Numbers/Integer/Abstract/ZSgnAbs/GenericAbs/abs_eq.con,cic:/Coq/Numbers/Integer/Abstract/ZSgnAbs/Z/t.con
oo,cic:/Coq/Numbers/Integer/Abstract/ZSgnAbs/GenericAbs/abs_eq.con,cic:/Coq/Numbers/Integer/Abstract/ZSgnAbs/Z/zero.con
oo,cic:/Coq/Numbers/Integer/Abstract/ZSgnAbs/GenericAbs/abs_eq.con,cic:/Coq/Program/Basics/flip.con
oo,cic:/Coq/Numbers/Integer/Abstract/ZSgnAbs/GenericAbs/abs_eq.con,cic:/Coq/Program/Basics/impl.con
oo,cic:/Coq/Numbers/Integer/Abstract/ZSgnAbs/GenericAbs/abs_neq.con,cic:/Coq/Classes/Morphisms/iff_flip_impl_subrelation.con
oo,cic:/Coq/Numbers/Integer/Abstract/ZSgnAbs/GenericAbs/abs_neq.con,cic:/Coq/Init/Logic/iff.con
oo,cic:/Coq/Numbers/Integer/Abstract/ZSgnAbs/GenericAbs/abs_neq.con,cic:/Coq/Numbers/Integer/Abstract/ZSgnAbs/GenericAbs/abs.con
oo,cic:/Coq/Numbers/Integer/Abstract/ZSgnAbs/GenericAbs/abs_neq.con,cic:/Coq/Numbers/Integer/Abstract/ZSgnAbs/GenericAbs/abs_neq.con
oo,cic:/Coq/Numbers/Integer/Abstract/ZSgnAbs/GenericAbs/abs_neq.con,cic:/Coq/Numbers/Integer/Abstract/ZSgnAbs/Z/eq.con
oo,cic:/Coq/Numbers/Integer/Abstract/ZSgnAbs/GenericAbs/abs_neq.con,cic:/Coq/Numbers/Integer/Abstract/ZSgnAbs/Z/le.con
oo,cic:/Coq/Numbers/Integer/Abstract/ZSgnAbs/GenericAbs/abs_neq.con,cic:/Coq/Numbers/Integer/Abstract/ZSgnAbs/Z/max.con
oo,cic:/Coq/Numbers/Integer/Abstract/ZSgnAbs/GenericAbs/abs_neq.con,cic:/Coq/Numbers/Integer/Abstract/ZSgnAbs/Z/max_r.con
oo,cic:/Coq/Numbers/Integer/Abstract/ZSgnAbs/GenericAbs/abs_neq.con,cic:/Coq/Numbers/Integer/Abstract/ZSgnAbs/Z/opp.con
oo,cic:/Coq/Numbers/Integer/Abstract/ZSgnAbs/GenericAbs/abs_neq.con,cic:/Coq/Numbers/Integer/Abstract/ZSgnAbs/ZP/le_trans.con
oo,cic:/Coq/Numbers/Integer/Abstract/ZSgnAbs/GenericAbs/abs_neq.con,cic:/Coq/Numbers/Integer/Abstract/ZSgnAbs/ZP/opp_nonneg_nonpos.con
oo,cic:/Coq/Numbers/Integer/Abstract/ZSgnAbs/GenericAbs/abs_neq.con,cic:/Coq/Numbers/Integer/Abstract/ZSgnAbs/Z/t.con
oo,cic:/Coq/Numbers/Integer/Abstract/ZSgnAbs/GenericAbs/abs_neq.con,cic:/Coq/Numbers/Integer/Abstract/ZSgnAbs/Z/zero.con
oo,cic:/Coq/Numbers/Integer/Abstract/ZSgnAbs/GenericAbs/abs_neq.con,cic:/Coq/Program/Basics/flip.con
oo,cic:/Coq/Numbers/Integer/Abstract/ZSgnAbs/GenericAbs/abs_neq.con,cic:/Coq/Program/Basics/impl.con
