oo,cic:/Coq/MSets/MSetInterface/WRaw2SetsOn/subset.con,cic:/Coq/Init/Datatypes/bool.ind
oo,cic:/Coq/MSets/MSetInterface/WRaw2SetsOn/subset.con,cic:/Coq/MSets/MSetInterface/M/subset.con
oo,cic:/Coq/MSets/MSetInterface/WRaw2SetsOn/Subset.con,cic:/Coq/MSets/MSetInterface/WRaw2SetsOn/elt.con
oo,cic:/Coq/MSets/MSetInterface/WRaw2SetsOn/Subset.con,cic:/Coq/MSets/MSetInterface/WRaw2SetsOn/In.con
oo,cic:/Coq/MSets/MSetInterface/WRaw2SetsOn/subset.con,cic:/Coq/MSets/MSetInterface/WRaw2SetsOn/subset.con
oo,cic:/Coq/MSets/MSetInterface/WRaw2SetsOn/Subset.con,cic:/Coq/MSets/MSetInterface/WRaw2SetsOn/Subset.con
oo,cic:/Coq/MSets/MSetInterface/WRaw2SetsOn/subset.con,cic:/Coq/MSets/MSetInterface/WRaw2SetsOn/t.con
oo,cic:/Coq/MSets/MSetInterface/WRaw2SetsOn/Subset.con,cic:/Coq/MSets/MSetInterface/WRaw2SetsOn/t.con
oo,cic:/Coq/MSets/MSetInterface/WRaw2SetsOn/subset.con,cic:/Coq/MSets/MSetInterface/WRaw2SetsOn/this.con
oo,cic:/Coq/MSets/MSetInterface/WRaw2SetsOn/subset_spec.con,cic:/Coq/Init/Datatypes/bool.ind
oo,cic:/Coq/MSets/MSetInterface/WRaw2SetsOn/subset_spec.con,cic:/Coq/Init/Logic/eq.ind
oo,cic:/Coq/MSets/MSetInterface/WRaw2SetsOn/subset_spec.con,cic:/Coq/Init/Logic/iff.con
oo,cic:/Coq/MSets/MSetInterface/WRaw2SetsOn/subset_spec.con,cic:/Coq/MSets/MSetInterface/M/Ok.con
oo,cic:/Coq/MSets/MSetInterface/WRaw2SetsOn/subset_spec.con,cic:/Coq/MSets/MSetInterface/M/subset.con
oo,cic:/Coq/MSets/MSetInterface/WRaw2SetsOn/subset_spec.con,cic:/Coq/MSets/MSetInterface/M/Subset.con
oo,cic:/Coq/MSets/MSetInterface/WRaw2SetsOn/subset_spec.con,cic:/Coq/MSets/MSetInterface/M/subset_spec.con
oo,cic:/Coq/MSets/MSetInterface/WRaw2SetsOn/subset_spec.con,cic:/Coq/MSets/MSetInterface/WRaw2SetsOn/is_ok.con
oo,cic:/Coq/MSets/MSetInterface/WRaw2SetsOn/subset_spec.con,cic:/Coq/MSets/MSetInterface/WRaw2SetsOn/Spec/s'.var
oo,cic:/Coq/MSets/MSetInterface/WRaw2SetsOn/subset_spec.con,cic:/Coq/MSets/MSetInterface/WRaw2SetsOn/Spec/s.var
oo,cic:/Coq/MSets/MSetInterface/WRaw2SetsOn/subset_spec.con,cic:/Coq/MSets/MSetInterface/WRaw2SetsOn/subset.con
oo,cic:/Coq/MSets/MSetInterface/WRaw2SetsOn/subset_spec.con,cic:/Coq/MSets/MSetInterface/WRaw2SetsOn/Subset.con
oo,cic:/Coq/MSets/MSetInterface/WRaw2SetsOn/subset_spec.con,cic:/Coq/MSets/MSetInterface/WRaw2SetsOn/subset_spec.con
oo,cic:/Coq/MSets/MSetInterface/WRaw2SetsOn/subset_spec.con,cic:/Coq/MSets/MSetInterface/WRaw2SetsOn/this.con
oo,cic:/Coq/MSets/MSetInterface/WRaw2SetsOn/subset_spec.con,cic:/s'.var
oo,cic:/Coq/MSets/MSetInterface/WRaw2SetsOn/subset_spec.con,cic:/s.var
oo,cic:/Coq/MSets/MSetInterface/WRaw2SetsOn/t.con,cic:/Coq/MSets/MSetInterface/WRaw2SetsOn/t.con
oo,cic:/Coq/MSets/MSetInterface/WRaw2SetsOn/t.con,cic:/Coq/MSets/MSetInterface/WRaw2SetsOn/t_.ind
oo,cic:/Coq/MSets/MSetInterface/WRaw2SetsOn/this.con,cic:/Coq/MSets/MSetInterface/M/Ok.con
oo,cic:/Coq/MSets/MSetInterface/WRaw2SetsOn/this.con,cic:/Coq/MSets/MSetInterface/M/t.con
oo,cic:/Coq/MSets/MSetInterface/WRaw2SetsOn/this.con,cic:/Coq/MSets/MSetInterface/WRaw2SetsOn/this.con
oo,cic:/Coq/MSets/MSetInterface/WRaw2SetsOn/this.con,cic:/Coq/MSets/MSetInterface/WRaw2SetsOn/t_.ind
oo,cic:/Coq/MSets/MSetInterface/WRaw2SetsOn/t_.ind,cic:/Coq/MSets/MSetInterface/M/Ok.con
oo,cic:/Coq/MSets/MSetInterface/WRaw2SetsOn/t_.ind,cic:/Coq/MSets/MSetInterface/M/t.con
oo,cic:/Coq/MSets/MSetInterface/WRaw2SetsOn/t_.ind,cic:/Coq/MSets/MSetInterface/WRaw2SetsOn/t_.ind
oo,cic:/Coq/MSets/MSetInterface/WRaw2SetsOn/union.con,cic:/Coq/MSets/MSetInterface/M/Ok.con
oo,cic:/Coq/MSets/MSetInterface/WRaw2SetsOn/union.con,cic:/Coq/MSets/MSetInterface/M/union.con
oo,cic:/Coq/MSets/MSetInterface/WRaw2SetsOn/union.con,cic:/Coq/MSets/MSetInterface/M/union_ok.con
oo,cic:/Coq/MSets/MSetInterface/WRaw2SetsOn/union.con,cic:/Coq/MSets/MSetInterface/WRaw2SetsOn/is_ok.con
oo,cic:/Coq/MSets/MSetInterface/WRaw2SetsOn/union.con,cic:/Coq/MSets/MSetInterface/WRaw2SetsOn/t.con
oo,cic:/Coq/MSets/MSetInterface/WRaw2SetsOn/union.con,cic:/Coq/MSets/MSetInterface/WRaw2SetsOn/this.con
oo,cic:/Coq/MSets/MSetInterface/WRaw2SetsOn/union.con,cic:/Coq/MSets/MSetInterface/WRaw2SetsOn/t_.ind
oo,cic:/Coq/MSets/MSetInterface/WRaw2SetsOn/union.con,cic:/Coq/MSets/MSetInterface/WRaw2SetsOn/union.con
oo,cic:/Coq/MSets/MSetInterface/WRaw2SetsOn/union_spec.con,cic:/Coq/Init/Logic/iff.con
oo,cic:/Coq/MSets/MSetInterface/WRaw2SetsOn/union_spec.con,cic:/Coq/Init/Logic/or.ind
oo,cic:/Coq/MSets/MSetInterface/WRaw2SetsOn/union_spec.con,cic:/Coq/MSets/MSetInterface/M/In.con
oo,cic:/Coq/MSets/MSetInterface/WRaw2SetsOn/union_spec.con,cic:/Coq/MSets/MSetInterface/M/Ok.con
oo,cic:/Coq/MSets/MSetInterface/WRaw2SetsOn/union_spec.con,cic:/Coq/MSets/MSetInterface/M/union.con
oo,cic:/Coq/MSets/MSetInterface/WRaw2SetsOn/union_spec.con,cic:/Coq/MSets/MSetInterface/M/union_spec.con
oo,cic:/Coq/MSets/MSetInterface/WRaw2SetsOn/union_spec.con,cic:/Coq/MSets/MSetInterface/WRaw2SetsOn/In.con
oo,cic:/Coq/MSets/MSetInterface/WRaw2SetsOn/union_spec.con,cic:/Coq/MSets/MSetInterface/WRaw2SetsOn/is_ok.con
oo,cic:/Coq/MSets/MSetInterface/WRaw2SetsOn/union_spec.con,cic:/Coq/MSets/MSetInterface/WRaw2SetsOn/Spec/s'.var
oo,cic:/Coq/MSets/MSetInterface/WRaw2SetsOn/union_spec.con,cic:/Coq/MSets/MSetInterface/WRaw2SetsOn/Spec/s.var
oo,cic:/Coq/MSets/MSetInterface/WRaw2SetsOn/union_spec.con,cic:/Coq/MSets/MSetInterface/WRaw2SetsOn/Spec/x.var
oo,cic:/Coq/MSets/MSetInterface/WRaw2SetsOn/union_spec.con,cic:/Coq/MSets/MSetInterface/WRaw2SetsOn/this.con
oo,cic:/Coq/MSets/MSetInterface/WRaw2SetsOn/union_spec.con,cic:/Coq/MSets/MSetInterface/WRaw2SetsOn/union.con
oo,cic:/Coq/MSets/MSetInterface/WRaw2SetsOn/union_spec.con,cic:/Coq/MSets/MSetInterface/WRaw2SetsOn/union_spec.con
oo,cic:/Coq/MSets/MSetInterface/WRaw2SetsOn/union_spec.con,cic:/s'.var
oo,cic:/Coq/MSets/MSetInterface/WRaw2SetsOn/union_spec.con,cic:/s.var
oo,cic:/Coq/MSets/MSetInterface/WRaw2SetsOn/union_spec.con,cic:/x.var
